<annotation>
	<folder>datasets</folder>
	<filename>a (3).jpg</filename>
	<path>D:/Project 2020/github repo/object detection keras pretrained mobilenet/datasets/a (3).jpg</path>
	<source>
		<database>Unknown</database>
	</source>
	<size>
		<width>224</width>
		<height>224</height>
		<depth>3</depth>
	</size>
	<segmented>0</segmented>
	<object>
		<name>star</name>
		<pose>Unspecified</pose>
		<truncated>0</truncated>
		<difficult>0</difficult>
		<bndbox>
			<xmin>27</xmin>
			<ymin>20</ymin>
			<xmax>128</xmax>
			<ymax>131</ymax>
		</bndbox>
	</object>
</annotation>
