<annotation>
	<folder>datasets</folder>
	<filename>a (6).jpg</filename>
	<path>D:\Project 2020\github repo\object detection keras pretrained mobilenet\datasets\a (6).jpg</path>
	<source>
		<database>Unknown</database>
	</source>
	<size>
		<width>224</width>
		<height>224</height>
		<depth>3</depth>
	</size>
	<segmented>0</segmented>
	<object>
		<name>star</name>
		<pose>Unspecified</pose>
		<truncated>0</truncated>
		<difficult>0</difficult>
		<bndbox>
			<xmin>95</xmin>
			<ymin>7</ymin>
			<xmax>189</xmax>
			<ymax>100</ymax>
		</bndbox>
	</object>
</annotation>
